{"textures":{"0":"modelengine:entity/slime_warrior"},"elements":[{"from":[7.9742827,6.9133606,-4.1936216],"to":[7.9742827,10.341932,5.520664],"rotation":{"angle":22.5,"axis":"x","origin":[8.259997,7.9133606,5.520664]},"faces":{"east":{"uv":[3.5,3.75,5.625,4.5],"rotation":0,"texture":"#0","tintindex":0},"south":{"uv":[4.25,7.125,4.25,7.875],"rotation":0,"texture":"#0","tintindex":0},"north":{"uv":[4.125,7.125,4.125,7.875],"rotation":0,"texture":"#0","tintindex":0},"west":{"uv":[0,4.5,2.125,5.25],"rotation":0,"texture":"#0","tintindex":0},"up":{"uv":[4.375,9.25,4.375,7.125],"rotation":0,"texture":"#0","tintindex":0},"down":{"uv":[4.5,7.125,4.5,9.25],"rotation":0,"texture":"#0","tintindex":0}}},{"from":[7.4028544,7.1990747,5.520664],"to":[8.5457115,10.627646,6.6635213],"rotation":{"angle":22.5,"axis":"x","origin":[8.259997,7.9133606,5.520664]},"faces":{"east":{"uv":[5.5,6,5.75,6.75],"rotation":0,"texture":"#0","tintindex":0},"south":{"uv":[5.875,6,6.125,6.75],"rotation":0,"texture":"#0","tintindex":0},"north":{"uv":[5.75,3.75,6,4.5],"rotation":0,"texture":"#0","tintindex":0},"west":{"uv":[6.125,0,6.375,0.75],"rotation":0,"texture":"#0","tintindex":0},"up":{"uv":[7.25,0.25,7,0],"rotation":0,"texture":"#0","tintindex":0},"down":{"uv":[7.25,0.375,7,0.625],"rotation":0,"texture":"#0","tintindex":0}}},{"from":[7.11714,6.7596292,7.146762],"to":[8.831426,8.473915,8.861048],"rotation":{"angle":22.5,"axis":"x","origin":[7.9742827,7.9024863,8.861048]},"faces":{"east":{"uv":[0,6.75,0.375,7.125],"rotation":0,"texture":"#0","tintindex":0},"south":{"uv":[0.5,6.75,0.875,7.125],"rotation":0,"texture":"#0","tintindex":0},"north":{"uv":[6.625,4.75,7,5.125],"rotation":0,"texture":"#0","tintindex":0},"west":{"uv":[1,6.75,1.375,7.125],"rotation":0,"texture":"#0","tintindex":0},"up":{"uv":[7.125,5.625,6.75,5.25],"rotation":0,"texture":"#0","tintindex":0},"down":{"uv":[7.125,5.75,6.75,6.125],"rotation":0,"texture":"#0","tintindex":0}}},{"from":[7.4028544,8.341932,6.6635213],"to":[8.5457115,9.484789,8.949236],"rotation":{"angle":22.5,"axis":"x","origin":[8.259997,7.9133606,5.520664]},"faces":{"east":{"uv":[6.25,6.75,6.75,7],"rotation":0,"texture":"#0","tintindex":0},"south":{"uv":[6.875,6.875,7.125,7.125],"rotation":0,"texture":"#0","tintindex":0},"north":{"uv":[2.125,6.875,2.375,7.125],"rotation":0,"texture":"#0","tintindex":0},"west":{"uv":[6.75,6.25,7.25,6.5],"rotation":0,"texture":"#0","tintindex":0},"up":{"uv":[3.75,6.625,3.5,6.125],"rotation":0,"texture":"#0","tintindex":0},"down":{"uv":[5.375,6.125,5.125,6.625],"rotation":0,"texture":"#0","tintindex":0}}},{"from":[7.874283,8.056218,-2.4793358],"to":[8.01714,9.770504,5.520664],"rotation":{"angle":22.5,"axis":"x","origin":[8.259997,7.9133606,5.520664]},"faces":{"east":{"uv":[0,3.75,1.75,4.125],"rotation":0,"texture":"#0","tintindex":0},"south":{"uv":[7,0.75,7.125,1.125],"rotation":0,"texture":"#0","tintindex":0},"north":{"uv":[6,6.875,6.125,7.25],"rotation":0,"texture":"#0","tintindex":0},"west":{"uv":[4.25,4.625,6,5],"rotation":0,"texture":"#0","tintindex":0},"up":{"uv":[4,7.375,3.875,5.625],"rotation":0,"texture":"#0","tintindex":0},"down":{"uv":[1.625,5.75,1.5,7.5],"rotation":0,"texture":"#0","tintindex":0}}}],"display":{"head":{"translation":[0,-6.4,0],"scale":[4,4,4]}},"mcmodels":"a74dfdcbb30eaec6a0a23f0ad6604aa8"}