{"textures":{"0":"modelengine:entity/slime_warrior"},"elements":[{"from":[4.5314255,8.035714,6.437383],"to":[11.388569,13.178572,13.294527],"rotation":{"angle":0,"axis":"y","origin":[7.959997,10.607143,9.865955]},"faces":{"east":{"uv":[3.5,0,5,1.125],"rotation":0,"texture":"#0","tintindex":0},"south":{"uv":[3.5,1.25,5,2.375],"rotation":0,"texture":"#0","tintindex":0},"north":{"uv":[1.875,3.25,3.375,4.375],"rotation":0,"texture":"#0","tintindex":0},"west":{"uv":[3.5,2.5,5,3.625],"rotation":0,"texture":"#0","tintindex":0},"up":{"uv":[3.375,1.5,1.875,0],"rotation":0,"texture":"#0","tintindex":0},"down":{"uv":[3.375,1.625,1.875,3.125],"rotation":0,"texture":"#0","tintindex":0}}},{"from":[5.959997,9.035714,7.865955],"to":[9.959997,11.892858,11.865955],"rotation":{"angle":0,"axis":"y","origin":[7.959997,10.464286,9.865955]},"faces":{"east":{"uv":[5.125,0.75,6,1.375],"rotation":0,"texture":"#0","tintindex":0},"south":{"uv":[5.125,1.5,6,2.125],"rotation":0,"texture":"#0","tintindex":0},"north":{"uv":[5.125,0,6,0.625],"rotation":0,"texture":"#0","tintindex":0},"west":{"uv":[5.125,2.25,6,2.875],"rotation":0,"texture":"#0","tintindex":0},"up":{"uv":[3.125,5.375,2.25,4.5],"rotation":0,"texture":"#0","tintindex":0},"down":{"uv":[4.125,4.625,3.25,5.5],"rotation":0,"texture":"#0","tintindex":0}}},{"from":[5.1028543,9.178572,6.408812],"to":[7.1028543,11.464286,6.408812],"rotation":{"angle":0,"axis":"y","origin":[6.1028543,10.321428,6.408812]},"faces":{"east":{"uv":[3.5,7.125,3.5,7.625],"rotation":0,"texture":"#0","tintindex":0},"south":{"uv":[2.5,5.5,3,6],"rotation":0,"texture":"#0","tintindex":0},"north":{"uv":[1.875,5.5,2.375,6],"rotation":0,"texture":"#0","tintindex":0},"west":{"uv":[3.625,7.125,3.625,7.625],"rotation":0,"texture":"#0","tintindex":0},"up":{"uv":[7.625,3,7.125,3],"rotation":0,"texture":"#0","tintindex":0},"down":{"uv":[7.625,3.125,7.125,3.125],"rotation":0,"texture":"#0","tintindex":0}}},{"from":[8.81714,9.178572,6.408812],"to":[10.817141,11.464286,6.408812],"rotation":{"angle":0,"axis":"y","origin":[9.817141,10.321428,6.408812]},"faces":{"east":{"uv":[3.75,7.125,3.75,7.625],"rotation":0,"texture":"#0","tintindex":0},"south":{"uv":[4.875,5.5,5.375,6],"rotation":0,"texture":"#0","tintindex":0},"north":{"uv":[4.25,5.5,4.75,6],"rotation":0,"texture":"#0","tintindex":0},"west":{"uv":[7.125,3.75,7.125,4.25],"rotation":0,"texture":"#0","tintindex":0},"up":{"uv":[7.625,3.25,7.125,3.25],"rotation":0,"texture":"#0","tintindex":0},"down":{"uv":[7.625,3.375,7.125,3.375],"rotation":0,"texture":"#0","tintindex":0}}},{"from":[1.9400401,9.927573,10.865955],"to":[5.3686113,10.499002,11.437384],"rotation":{"angle":-22.5,"axis":"z","origin":[3.654326,10.213287,11.1516695]},"faces":{"east":{"uv":[7,1.25,7.125,1.375],"rotation":0,"texture":"#0","tintindex":0},"south":{"uv":[0.875,4.25,1.625,4.375],"rotation":0,"texture":"#0","tintindex":0},"north":{"uv":[0,4.25,0.75,4.375],"rotation":0,"texture":"#0","tintindex":0},"west":{"uv":[7,1.5,7.125,1.625],"rotation":0,"texture":"#0","tintindex":0},"up":{"uv":[5.875,7,5.125,6.875],"rotation":0,"texture":"#0","tintindex":0},"down":{"uv":[7.625,6.625,6.875,6.75],"rotation":0,"texture":"#0","tintindex":0}}},{"from":[4.6449423,8.590778,11.1516695],"to":[6.359228,10.305064,11.1516695],"rotation":{"angle":-22.5,"axis":"z","origin":[5.502085,9.447921,11.1516695]},"faces":{"east":{"uv":[4.125,5.625,4.125,6],"rotation":0,"texture":"#0","tintindex":0},"south":{"uv":[6.5,2.375,6.125,2.75],"rotation":0,"texture":"#0","tintindex":0},"north":{"uv":[6.125,2.375,6.5,2.75],"rotation":0,"texture":"#0","tintindex":0},"west":{"uv":[7,3,7,3.375],"rotation":0,"texture":"#0","tintindex":0},"up":{"uv":[6.5,2.875,6.125,2.875],"rotation":0,"texture":"#0","tintindex":0},"down":{"uv":[7.375,1.75,7,1.75],"rotation":0,"texture":"#0","tintindex":0}}},{"from":[1.1028538,10.892858,11.1516695],"to":[3.9599972,12.607143,11.1516695],"rotation":{"angle":-22.5,"axis":"z","origin":[2.8171396,11.178572,10.1516695]},"faces":{"east":{"uv":[7.125,1.875,7.125,2.25],"rotation":0,"texture":"#0","tintindex":0},"south":{"uv":[3.125,5.625,3.75,6],"rotation":0,"texture":"#0","tintindex":0},"north":{"uv":[5.5,5.5,6.125,5.875],"rotation":0,"texture":"#0","tintindex":0},"west":{"uv":[7.125,2.375,7.125,2.75],"rotation":0,"texture":"#0","tintindex":0},"up":{"uv":[7.625,3.5,7,3.5],"rotation":0,"texture":"#0","tintindex":0},"down":{"uv":[7.625,3.625,7,3.625],"rotation":0,"texture":"#0","tintindex":0}}},{"from":[1.1028538,8.607142,11.1516695],"to":[3.9599972,10.321428,11.1516695],"rotation":{"angle":-22.5,"axis":"z","origin":[2.8171396,11.178572,10.1516695]},"faces":{"east":{"uv":[2.5,7.125,2.5,7.5],"rotation":0,"texture":"#0","tintindex":0},"south":{"uv":[0.75,5.75,1.375,6.125],"rotation":0,"texture":"#0","tintindex":0},"north":{"uv":[0,5.75,0.625,6.125],"rotation":0,"texture":"#0","tintindex":0},"west":{"uv":[2.625,7.125,2.625,7.5],"rotation":0,"texture":"#0","tintindex":0},"up":{"uv":[3.375,7.125,2.75,7.125],"rotation":0,"texture":"#0","tintindex":0},"down":{"uv":[7.75,2.875,7.125,2.875],"rotation":0,"texture":"#0","tintindex":0}}},{"from":[8.81714,12.216871,11.272175],"to":[9.959997,15.074015,12.415032],"rotation":{"angle":22.5,"axis":"x","origin":[9.388569,13.645443,11.843603]},"faces":{"east":{"uv":[6.125,1.625,6.375,2.25],"rotation":0,"texture":"#0","tintindex":0},"south":{"uv":[1.75,6.125,2,6.75],"rotation":0,"texture":"#0","tintindex":0},"north":{"uv":[6.125,0.875,6.375,1.5],"rotation":0,"texture":"#0","tintindex":0},"west":{"uv":[2.125,6.125,2.375,6.75],"rotation":0,"texture":"#0","tintindex":0},"up":{"uv":[3.75,7,3.5,6.75],"rotation":0,"texture":"#0","tintindex":0},"down":{"uv":[2,6.875,1.75,7.125],"rotation":0,"texture":"#0","tintindex":0}}},{"from":[8.033469,14.656194,11.44688],"to":[9.747755,16.37048,13.161165],"rotation":{"angle":22.5,"axis":"z","origin":[9.372105,14.446663,12.073813]},"faces":{"east":{"uv":[6.125,3.75,6.5,4.125],"rotation":0,"texture":"#0","tintindex":0},"south":{"uv":[4.125,6.125,4.5,6.5],"rotation":0,"texture":"#0","tintindex":0},"north":{"uv":[3,6.125,3.375,6.5],"rotation":0,"texture":"#0","tintindex":0},"west":{"uv":[6.125,4.25,6.5,4.625],"rotation":0,"texture":"#0","tintindex":0},"up":{"uv":[5,6.5,4.625,6.125],"rotation":0,"texture":"#0","tintindex":0},"down":{"uv":[6.5,4.75,6.125,5.125],"rotation":0,"texture":"#0","tintindex":0}}},{"from":[9.002146,14.642451,11.432594],"to":[10.716432,16.356737,13.14688],"rotation":{"angle":-22.5,"axis":"z","origin":[9.372105,14.446663,12.073813]},"faces":{"east":{"uv":[0.5,6.25,0.875,6.625],"rotation":0,"texture":"#0","tintindex":0},"south":{"uv":[1,6.25,1.375,6.625],"rotation":0,"texture":"#0","tintindex":0},"north":{"uv":[0,6.25,0.375,6.625],"rotation":0,"texture":"#0","tintindex":0},"west":{"uv":[6.25,5.25,6.625,5.625],"rotation":0,"texture":"#0","tintindex":0},"up":{"uv":[6.625,6.125,6.25,5.75],"rotation":0,"texture":"#0","tintindex":0},"down":{"uv":[6.625,6.25,6.25,6.625],"rotation":0,"texture":"#0","tintindex":0}}},{"from":[7.661922,10.947293,10.289737],"to":[9.376207,12.661579,12.004023],"rotation":{"angle":-22.5,"axis":"z","origin":[8.519065,11.804436,11.14688]},"faces":{"east":{"uv":[3,6.625,3.375,7],"rotation":0,"texture":"#0","tintindex":0},"south":{"uv":[6.625,3.75,7,4.125],"rotation":0,"texture":"#0","tintindex":0},"north":{"uv":[6.625,2.5,7,2.875],"rotation":0,"texture":"#0","tintindex":0},"west":{"uv":[4.125,6.625,4.5,7],"rotation":0,"texture":"#0","tintindex":0},"up":{"uv":[7,4.625,6.625,4.25],"rotation":0,"texture":"#0","tintindex":0},"down":{"uv":[5,6.625,4.625,7],"rotation":0,"texture":"#0","tintindex":0}}},{"from":[9.368001,10.962167,10.304023],"to":[11.082287,12.676453,12.018309],"rotation":{"angle":22.5,"axis":"z","origin":[10.225143,11.81931,11.161165]},"faces":{"east":{"uv":[6.5,0.5,6.875,0.875],"rotation":0,"texture":"#0","tintindex":0},"south":{"uv":[6.5,1,6.875,1.375],"rotation":0,"texture":"#0","tintindex":0},"north":{"uv":[6.5,0,6.875,0.375],"rotation":0,"texture":"#0",