{"textures":{"0":"modelengine:entity/slime_mage"},"elements":[{"from":[8.842857,9.178572,6.386955],"to":[10.842857,11.464286,6.386955],"rotation":{"angle":0,"axis":"y","origin":[9.842857,10.321428,6.386955]},"faces":{"east":{"uv":[1.875,4.75,1.875,5.25],"rotation":0,"texture":"#0","tintindex":0},"south":{"uv":[7.625,7.625,8.125,8.125],"rotation":0,"texture":"#0","tintindex":0},"north":{"uv":[7.625,7,8.125,7.5],"rotation":0,"texture":"#0","tintindex":0},"west":{"uv":[4.5,7.125,4.5,7.625],"rotation":0,"texture":"#0","tintindex":0},"up":{"uv":[0.5,6.625,0,6.625],"rotation":0,"texture":"#0","tintindex":0},"down":{"uv":[1.125,6.625,0.625,6.625],"rotation":0,"texture":"#0","tintindex":0}}},{"from":[4.5571427,8.035714,6.415526],"to":[11.414286,13.178572,13.272669],"rotation":{"angle":0,"axis":"y","origin":[7.9857144,10.607143,9.844097]},"faces":{"east":{"uv":[0,5.25,1.5,6.375],"rotation":0,"texture":"#0","tintindex":0},"south":{"uv":[5.5,0,7,1.125],"rotation":0,"texture":"#0","tintindex":0},"north":{"uv":[0,4,1.5,5.125],"rotation":0,"texture":"#0","tintindex":0},"west":{"uv":[5.5,1.25,7,2.375],"rotation":0,"texture":"#0","tintindex":0},"up":{"uv":[5.375,1.5,3.875,0],"rotation":0,"texture":"#0","tintindex":0},"down":{"uv":[5.375,1.5,3.875,0],"rotation":0,"texture":"#0","tintindex":0}}},{"from":[5.985714,9.035714,7.8440976],"to":[9.985714,11.892858,11.844097],"rotation":{"angle":0,"axis":"y","origin":[7.9857144,10.464286,9.844097]},"faces":{"east":{"uv":[4.625,7,5.5,7.625],"rotation":0,"texture":"#0","tintindex":0},"south":{"uv":[5.625,7,6.5,7.625],"rotation":0,"texture":"#0","tintindex":0},"north":{"uv":[6.75,4.75,7.625,5.375],"rotation":0,"texture":"#0","tintindex":0},"west":{"uv":[6.625,7,7.5,7.625],"rotation":0,"texture":"#0","tintindex":0},"up":{"uv":[2.625,7.625,1.75,6.75],"rotation":0,"texture":"#0","tintindex":0},"down":{"uv":[7.625,2.5,6.75,3.375],"rotation":0,"texture":"#0","tintindex":0}}},{"from":[5.1285715,9.178572,6.386955],"to":[7.1285715,11.464286,6.386955],"rotation":{"angle":0,"axis":"y","origin":[6.1285715,10.321428,6.386955]},"faces":{"east":{"uv":[1.625,4.75,1.625,5.25],"rotation":0,"texture":"#0","tintindex":0},"south":{"uv":[0.625,7.375,1.125,7.875],"rotation":0,"texture":"#0","tintindex":0},"north":{"uv":[0,7.375,0.5,7.875],"rotation":0,"texture":"#0","tintindex":0},"west":{"uv":[1.75,4.75,1.75,5.25],"rotation":0,"texture":"#0","tintindex":0},"up":{"uv":[0.5,6.5,0,6.5],"rotation":0,"texture":"#0","tintindex":0},"down":{"uv":[1.125,6.5,0.625,6.5],"rotation":0,"texture":"#0","tintindex":0}}}],"display":{"head":{"translation":[0,-6.4,0],"scale":[4,4,4]}},"mcmodels":"a74dfdcbb30eaec6a0a23f0ad6604aa8"}