{"textures":{"0":"modelengine:entity/slime_king"},"elements":[{"from":[-0.65714264,8.104286,3.2866669],"to":[0.49714231,10.412857,18.292381],"rotation":{"angle":0,"axis":"y","origin":[-0.08000088,9.258572,10.789524]},"faces":{"east":{"uv":[8.4375,3.8125,9.25,3.9375],"rotation":0,"texture":"#0","tintindex":0},"south":{"uv":[8.1875,4,8.25,4.125],"rotation":0,"texture":"#0","tintindex":0},"north":{"uv":[4.75,8.125,4.8125,8.25],"rotation":0,"texture":"#0","tintindex":0},"west":{"uv":[8.1875,4.1875,9,4.3125],"rotation":0,"texture":"#0","tintindex":0},"up":{"uv":[1.0625,7.5,1,6.6875],"rotation":0,"texture":"#0","tintindex":0},"down":{"uv":[7.5625,1,6.5,2.0625],"rotation":0,"texture":"#0","tintindex":0}}},{"from":[-0.65714264,10.412857,2.1323805],"to":[16.657143,19.07,2.1323805],"rotation":{"angle":0,"axis":"y","origin":[8,14.741428,2.1323805]},"faces":{"east":{"uv":[2.125,5.0625,2.125,5.5625],"rotation":0,"texture":"#0","tintindex":0},"south":{"uv":[8.375,2.125,7.4375,2.625],"rotation":0,"texture":"#0","tintindex":0},"north":{"uv":[7.4375,2.125,8.375,2.625],"rotation":0,"texture":"#0","tintindex":0},"west":{"uv":[2.1875,5.0625,2.1875,5.5625],"rotation":0,"texture":"#0","tintindex":0},"up":{"uv":[5.4375,3.9375,4.5,3.9375],"rotation":0,"texture":"#0","tintindex":0},"down":{"uv":[7.5625,0.875,6.625,0.875],"rotation":0,"texture":"#0","tintindex":0}}},{"from":[-0.65714264,10.412857,2.1323805],"to":[-0.65714264,19.07,19.446667],"rotation":{"angle":0,"axis":"y","origin":[-0.65714264,14.741428,10.789524]},"faces":{"east":{"uv":[8.5,0,7.5625,0.5],"rotation":0,"texture":"#0","tintindex":0},"south":{"uv":[6.1875,5.0625,6.1875,5.5625],"rotation":0,"texture":"#0","tintindex":0},"north":{"uv":[6.125,5.0625,6.125,5.5625],"rotation":0,"texture":"#0","tintindex":0},"west":{"uv":[7.5625,0,8.5,0.5],"rotation":0,"texture":"#0","tintindex":0},"up":{"uv":[3.5,9,3.5,8.0625],"rotation":0,"texture":"#0","tintindex":0},"down":{"uv":[3.5625,8.0625,3.5625,9],"rotation":0,"texture":"#0","tintindex":0}}},{"from":[-0.65714264,8.104286,2.1323805],"to":[16.657143,10.412857,3.2866669],"rotation":{"angle":0,"axis":"y","origin":[8,9.258572,2.7095237]},"faces":{"east":{"uv":[9.1875,3.8125,9.25,3.9375],"rotation":0,"texture":"#0","tintindex":0},"south":{"uv":[8.25,4,9.1875,4.125],"rotation":0,"texture":"#0","tintindex":0},"north":{"uv":[4.8125,8.125,5.75,8.25],"rotation":0,"texture":"#0","tintindex":0},"west":{"uv":[8.1875,4.1875,8.25,4.3125],"rotation":0,"texture":"#0","tintindex":0},"up":{"uv":[1.0625,6.5,0,6.4375],"rotation":0,"texture":"#0","tintindex":0},"down":{"uv":[7.5625,1,6.5,2.0625],"rotation":0,"texture":"#0","tintindex":0}}},{"from":[16.657143,10.412857,2.1323805],"to":[16.657143,19.07,19.446667],"rotation":{"angle":0,"axis":"y","origin":[16.657143,14.741428,10.789524]},"faces":{"east":{"uv":[8.5,0,7.5625,0.5],"rotation":0,"texture":"#0","tintindex":0},"south":{"uv":[6.1875,5.0625,6.1875,5.5625],"rotation":0,"texture":"#0","tintindex":0},"north":{"uv":[6.125,5.0625,6.125,5.5625],"rotation":0,"texture":"#0","tintindex":0},"west":{"uv":[7.5625,0,8.5,0.5],"rotation":0,"texture":"#0","tintindex":0},"up":{"uv":[3.5,9,3.5,8.0625],"rotation":0,"texture":"#0","tintindex":0},"down":{"uv":[3.5625,8.0625,3.5625,9],"rotation":0,"texture":"#0","tintindex":0}}},{"from":[15.502857,8.104286,3.2866669],"to":[16.657143,10.412857,18.292381],"rotation":{"angle":0,"axis":"y","origin":[16.080002,9.258572,10.789524]},"faces":{"east":{"uv":[9,4.1875,8.1875,4.3125],"rotation":0,"texture":"#0","tintindex":0},"south":{"uv":[8.25,4,8.1875,4.125],"rotation":0,"texture":"#0","tintindex":0},"north":{"uv":[4.8125,8.125,4.75,8.25],"rotation":0,"texture":"#0","tintindex":0},"west":{"uv":[9.25,3.8125,8.4375,3.9375],"rotation":0,"texture":"#0","tintindex":0},"up":{"uv":[1,7.5,1.0625,6.6875],"rotation":0,"texture":"#0","tintindex":0},"down":{"uv":[6.5,1,7.5625,2.0625],"rotation":0,"texture":"#0","tintindex":0}}}],"display":{"head":{"translation":[0,-6.4,0],"scale":[4,4,4]}},"mcmodels":"a74dfdcbb30eaec6a0a23f0ad6604aa8"}