{"textures":{"0":"modelengine:entity/slime_king"},"elements":[{"from":[-8.315716,8.163143,-5.2742863],"to":[23.427143,24.323143,25.89143],"rotation":{"angle":0,"axis":"y","origin":[7.555714,16.243143,10.308572]},"faces":{"east":{"uv":[4.5,3,6.25,3.875],"rotation":0,"texture":"#0","tintindex":0},"south":{"uv":[4.5,3,6.25,3.875],"rotation":0,"texture":"#0","tintindex":0},"north":{"uv":[4.5,3,6.25,3.875],"rotation":0,"texture":"#0","tintindex":0},"west":{"uv":[4.5,3,6.25,3.875],"rotation":0,"texture":"#0","tintindex":0},"up":{"uv":[4.125,5.6875,2.375,4],"rotation":0,"texture":"#0","tintindex":0},"down":{"uv":[4.125,5.6875,2.375,4],"rotation":0,"texture":"#0","tintindex":0}}},{"from":[14.77,8.163143,-6.4285717],"to":[24.581429,16.243143,7.4228573],"rotation":{"angle":0,"axis":"y","origin":[19.675716,12.203143,0.49714231]},"faces":{"east":{"uv":[3.9375,7.9375,4.6875,8.375],"rotation":0,"texture":"#0","tintindex":0},"south":{"uv":[2.875,8.0625,3.4375,8.5],"rotation":0,"texture":"#0","tintindex":0},"north":{"uv":[2.25,8.0625,2.8125,8.5],"rotation":0,"texture":"#0","tintindex":0},"west":{"uv":[5.875,8,6.625,8.4375],"rotation":0,"texture":"#0","tintindex":0},"up":{"uv":[8.1875,1.3125,7.625,0.5625],"rotation":0,"texture":"#0","tintindex":0},"down":{"uv":[8.375,5.625,7.8125,6.375],"rotation":0,"texture":"#0","tintindex":0}}},{"from":[3.2271428,16.243143,16.080002],"to":[19.387142,25.47743,27.045715],"rotation":{"angle":0,"axis":"y","origin":[11.307143,20.860287,21.562859]},"faces":{"east":{"uv":[6.6875,8,7.3125,8.5],"rotation":0,"texture":"#0","tintindex":0},"south":{"uv":[7.5625,2.6875,8.4375,3.1875],"rotation":0,"texture":"#0","tintindex":0},"north":{"uv":[1,7.5625,1.875,8.0625],"rotation":0,"texture":"#0","tintindex":0},"west":{"uv":[7.375,8,8,8.5],"rotation":0,"texture":"#0","tintindex":0},"up":{"uv":[2.9375,8,2.0625,7.375],"rotation":0,"texture":"#0","tintindex":0},"down":{"uv":[3.875,7.375,3,8],"rotation":0,"texture":"#0","tintindex":0}}},{"from":[-0.23571491,11.048857,2.8057141],"to":[15.347143,20.283144,17.811428],"rotation":{"angle":0,"axis":"y","origin":[7.555714,15.666,10.308572]},"faces":{"east":{"uv":[7.5625,6.75,8.375,7.25],"rotation":0,"texture":"#0","tintindex":0},"south":{"uv":[7.5625,3.25,8.4375,3.75],"rotation":0,"texture":"#0","tintindex":0},"north":{"uv":[7.5625,3.25,8.4375,3.75],"rotation":0,"texture":"#0","tintindex":0},"west":{"uv":[8.375,6.75,7.5625,7.25],"rotation":0,"texture":"#0","tintindex":0},"up":{"uv":[7.5,0.8125,6.625,0],"rotation":0,"texture":"#0","tintindex":0},"down":{"uv":[7.5,0.8125,6.625,0],"rotation":0,"texture":"#0","tintindex":0}}}],"display":{"head":{"translation":[0,-6.4,0],"scale":[4,4,4]}},"mcmodels":"a74dfdcbb30eaec6a0a23f0ad6604aa8"}