{"textures":{"0":"modelengine:entity/slime_king"},"elements":[{"from":[-11.067913,7.712088,-8.892529],"to":[26.446375,25.026375,26.313187],"rotation":{"angle":0,"axis":"y","origin":[7.689231,16.369232,8.71033]},"faces":{"east":{"uv":[0,4.5,2.0625,5.4375],"rotation":0,"texture":"#0","tintindex":0},"south":{"uv":[0,4.5,2.0625,5.4375],"rotation":0,"texture":"#0","tintindex":0},"north":{"uv":[0,4.5,2.0625,5.4375],"rotation":0,"texture":"#0","tintindex":0},"west":{"uv":[0,4.5,2.0625,5.4375],"rotation":0,"texture":"#0","tintindex":0},"up":{"uv":[4.4375,1.9375,2.375,0],"rotation":0,"texture":"#0","tintindex":0},"down":{"uv":[4.4375,2,2.375,3.9375],"rotation":0,"texture":"#0","tintindex":0}}},{"from":[-12.2221985,8.866374,10.7303295],"to":[3.9378018,19.832088,27.467474],"rotation":{"angle":0,"axis":"y","origin":[-4.1421986,14.349231,19.098902]},"faces":{"east":{"uv":[4.3125,6.6875,5.25,7.3125],"rotation":0,"texture":"#0","tintindex":0},"south":{"uv":[7.25,3.8125,8.125,4.4375],"rotation":0,"texture":"#0","tintindex":0},"north":{"uv":[5.3125,6.875,6.1875,7.5],"rotation":0,"texture":"#0","tintindex":0},"west":{"uv":[6.5625,6.75,7.5,7.375],"rotation":0,"texture":"#0","tintindex":0},"up":{"uv":[7.375,3.0625,6.5,2.125],"rotation":0,"texture":"#0","tintindex":0},"down":{"uv":[7.4375,5.0625,6.5625,6],"rotation":0,"texture":"#0","tintindex":0}}},{"from":[-2.9879122,10.020659,-0.23538494],"to":[18.366375,21.563519,18.81033],"rotation":{"angle":0,"axis":"y","origin":[7.689231,15.7920885,9.287473]},"faces":{"east":{"uv":[2.0625,6.6875,3.125,7.3125],"rotation":0,"texture":"#0","tintindex":0},"south":{"uv":[6.3125,3.125,7.5,3.75],"rotation":0,"texture":"#0","tintindex":0},"north":{"uv":[6.3125,3.125,7.5,3.75],"rotation":0,"texture":"#0","tintindex":0},"west":{"uv":[3.1875,6.6875,4.25,7.3125],"rotation":0,"texture":"#0","tintindex":0},"up":{"uv":[6.5,6.8125,5.3125,5.75],"rotation":0,"texture":"#0","tintindex":0},"down":{"uv":[6.5,6.8125,5.3125,5.75],"rotation":0,"texture":"#0","tintindex":0}}}],"display":{"head":{"translation":[0,-6.4,0],"scale":[4,4,4]}},"mcmodels":"a74dfdcbb30eaec6a0a23f0ad6604aa8"}